0,[' Mr']
1,[' Mrs']
2,[' Miss']
3,[' Mrs']
4,[' Mr']
5,[' Mr']
6,[' Mr']
7,[' Master']
8,[' Mrs']
9,[' Mrs']
10,[' Miss']
11,[' Miss']
12,[' Mr']
13,[' Mr']
14,[' Miss']
15,[' Mrs']
16,[' Master']
17,[' Mr']
18,[' Mrs']
19,[' Mrs']
20,[' Mr']
21,[' Mr']
22,[' Miss']
23,[' Mr']
24,[' Miss']
25,[' Mrs']
26,[' Mr']
27,[' Mr']
28,[' Miss']
29,[' Mr']
30,[' Don']
31,[' Mrs']
32,[' Miss']
33,[' Mr']
34,[' Mr']
35,[' Mr']
36,[' Mr']
37,[' Mr']
38,[' Miss']
39,[' Miss']
40,[' Mrs']
41,[' Mrs']
42,[' Mr']
43,[' Miss']
44,[' Miss']
45,[' Mr']
46,[' Mr']
47,[' Miss']
48,[' Mr']
49,[' Mrs']
50,[' Master']
51,[' Mr']
52,[' Mrs']
53,[' Mrs']
54,[' Mr']
55,[' Mr']
56,[' Miss']
57,[' Mr']
58,[' Miss']
59,[' Master']
60,[' Mr']
61,[' Miss']
62,[' Mr']
63,[' Master']
64,[' Mr']
65,[' Master']
66,[' Mrs']
67,[' Mr']
68,[' Miss']
69,[' Mr']
70,[' Mr']
71,[' Miss']
72,[' Mr']
73,[' Mr']
74,[' Mr']
75,[' Mr']
76,[' Mr']
77,[' Mr']
78,[' Master']
79,[' Miss']
80,[' Mr']
81,[' Mr']
82,[' Miss']
83,[' Mr']
84,[' Miss']
85,[' Mrs']
86,[' Mr']
87,[' Mr']
88,[' Miss']
89,[' Mr']
90,[' Mr']
91,[' Mr']
92,[' Mr']
93,[' Mr']
94,[' Mr']
95,[' Mr']
96,[' Mr']
97,[' Mr']
98,[' Mrs']
99,[' Mr']
100,[' Miss']
101,[' Mr']
102,[' Mr']
103,[' Mr']
104,[' Mr']
105,[' Mr']
106,[' Miss']
107,[' Mr']
108,[' Mr']
109,[' Miss']
110,[' Mr']
111,[' Miss']
112,[' Mr']
113,[' Miss']
114,[' Miss']
115,[' Mr']
116,[' Mr']
117,[' Mr']
118,[' Mr']
119,[' Miss']
120,[' Mr']
121,[' Mr']
122,[' Mr']
123,[' Miss']
124,[' Mr']
125,[' Master']
126,[' Mr']
127,[' Mr']
128,[' Miss']
129,[' Mr']
130,[' Mr']
131,[' Mr']
132,[' Mrs']
133,[' Mrs']
134,[' Mr']
135,[' Mr']
136,[' Miss']
137,[' Mr']
138,[' Mr']
139,[' Mr']
140,[' Mrs']
141,[' Miss']
142,[' Mrs']
143,[' Mr']
144,[' Mr']
145,[' Mr']
146,[' Mr']
147,[' Miss']
148,[' Mr']
149,[' Rev']
150,[' Rev']
151,[' Mrs']
152,[' Mr']
153,[' Mr']
154,[' Mr']
155,[' Mr']
156,[' Miss']
157,[' Mr']
158,[' Mr']
159,[' Master']
160,[' Mr']
161,[' Mrs']
162,[' Mr']
163,[' Mr']
164,[' Master']
165,[' Master']
166,[' Mrs']
167,[' Mrs']
168,[' Mr']
169,[' Mr']
170,[' Mr']
171,[' Master']
172,[' Miss']
173,[' Mr']
174,[' Mr']
175,[' Mr']
176,[' Master']
177,[' Miss']
178,[' Mr']
179,[' Mr']
180,[' Miss']
181,[' Mr']
182,[' Master']
183,[' Master']
184,[' Miss']
185,[' Mr']
186,[' Mrs']
187,[' Mr']
188,[' Mr']
189,[' Mr']
190,[' Mrs']
191,[' Mr']
192,[' Miss']
193,[' Master']
194,[' Mrs']
195,[' Miss']
196,[' Mr']
197,[' Mr']
198,[' Miss']
199,[' Miss']
200,[' Mr']
201,[' Mr']
202,[' Mr']
203,[' Mr']
204,[' Mr']
205,[' Miss']
206,[' Mr']
207,[' Mr']
208,[' Miss']
209,[' Mr']
210,[' Mr']
211,[' Miss']
212,[' Mr']
213,[' Mr']
214,[' Mr']
215,[' Miss']
216,[' Miss']
217,[' Mr']
218,[' Miss']
219,[' Mr']
220,[' Mr']
221,[' Mr']
222,[' Mr']
223,[' Mr']
224,[' Mr']
225,[' Mr']
226,[' Mr']
227,[' Mr']
228,[' Mr']
229,[' Miss']
230,[' Mrs']
231,[' Mr']
232,[' Mr']
233,[' Miss']
234,[' Mr']
235,[' Miss']
236,[' Mr']
237,[' Miss']
238,[' Mr']
239,[' Mr']
240,[' Miss']
241,[' Miss']
242,[' Mr']
243,[' Mr']
244,[' Mr']
245,[' Dr']
246,[' Miss']
247,[' Mrs']
248,[' Mr']
249,[' Rev']
250,[' Mr']
251,[' Mrs']
252,[' Mr']
253,[' Mr']
254,[' Mrs']
255,[' Mrs']
256,[' Mrs']
257,[' Miss']
258,[' Miss']
259,[' Mrs']
260,[' Mr']
261,[' Master']
262,[' Mr']
263,[' Mr']
264,[' Miss']
265,[' Mr']
266,[' Mr']
267,[' Mr']
268,[' Mrs']
269,[' Miss']
270,[' Mr']
271,[' Mr']
272,[' Mrs']
273,[' Mr']
274,[' Miss']
275,[' Miss']
276,[' Miss']
277,[' Mr']
278,[' Master']
279,[' Mrs']
280,[' Mr']
281,[' Mr']
282,[' Mr']
283,[' Mr']
284,[' Mr']
285,[' Mr']
286,[' Mr']
287,[' Mr']
288,[' Mr']
289,[' Miss']
290,[' Miss']
291,[' Mrs']
292,[' Mr']
293,[' Miss']
294,[' Mr']
295,[' Mr']
296,[' Mr']
297,[' Miss']
298,[' Mr']
299,[' Mrs']
300,[' Miss']
301,[' Mr']
302,[' Mr']
303,[' Miss']
304,[' Mr']
305,[' Master']
306,[' Miss']
307,[' Mrs']
308,[' Mr']
309,[' Miss']
310,[' Miss']
311,[' Miss']
312,[' Mrs']
313,[' Mr']
314,[' Mr']
315,[' Miss']
316,[' Mrs']
317,[' Dr']
318,[' Miss']
319,[' Mrs']
320,[' Mr']
321,[' Mr']
322,[' Miss']
323,[' Mrs']
324,[' Mr']
325,[' Miss']
326,[' Mr']
327,[' Mrs']
328,[' Mrs']
329,[' Miss']
330,[' Miss']
331,[' Mr']
332,[' Mr']
333,[' Mr']
334,[' Mrs']
335,[' Mr']
336,[' Mr']
337,[' Miss']
338,[' Mr']
339,[' Mr']
340,[' Master']
341,[' Miss']
342,[' Mr']
343,[' Mr']
344,[' Mr']
345,[' Miss']
346,[' Miss']
347,[' Mrs']
348,[' Master']
349,[' Mr']
350,[' Mr']
351,[' Mr']
352,[' Mr']
353,[' Mr']
354,[' Mr']
355,[' Mr']
356,[' Miss']
357,[' Miss']
358,[' Miss']
359,[' Miss']
360,[' Mr']
361,[' Mr']
362,[' Mrs']
363,[' Mr']
364,[' Mr']
365,[' Mr']
366,[' Mrs']
367,[' Mrs']
368,[' Miss']
369,[' Mme']
370,[' Mr']
371,[' Mr']
372,[' Mr']
373,[' Mr']
374,[' Miss']
375,[' Mrs']
376,[' Miss']
377,[' Mr']
378,[' Mr']
379,[' Mr']
380,[' Miss']
381,[' Miss']
382,[' Mr']
383,[' Mrs']
384,[' Mr']
385,[' Mr']
386,[' Master']
387,[' Miss']
388,[' Mr']
389,[' Miss']
390,[' Mr']
391,[' Mr']
392,[' Mr']
393,[' Miss']
394,[' Mrs']
395,[' Mr']
396,[' Miss']
397,[' Mr']
398,[' Dr']
399,[' Mrs']
400,[' Mr']
401,[' Mr']
402,[' Miss']
403,[' Mr']
404,[' Miss']
405,[' Mr']
406,[' Mr']
407,[' Master']
408,[' Mr']
409,[' Miss']
410,[' Mr']
411,[' Mr']
412,[' Miss']
413,[' Mr']
414,[' Mr']
415,[' Mrs']
416,[' Mrs']
417,[' Miss']
418,[' Mr']
419,[' Miss']
420,[' Mr']
421,[' Mr']
422,[' Mr']
423,[' Mrs']
424,[' Mr']
425,[' Mr']
426,[' Mrs']
427,[' Miss']
428,[' Mr']
429,[' Mr']
430,[' Mr']
431,[' Mrs']
432,[' Mrs']
433,[' Mr']
434,[' Mr']
435,[' Miss']
436,[' Miss']
437,[' Mrs']
438,[' Mr']
439,[' Mr']
440,[' Mrs']
441,[' Mr']
442,[' Mr']
443,[' Ms']
444,[' Mr']
445,[' Master']
446,[' Miss']
447,[' Mr']
448,[' Miss']
449,[' Major']
450,[' Mr']
451,[' Mr']
452,[' Mr']
453,[' Mr']
454,[' Mr']
455,[' Mr']
456,[' Mr']
457,[' Mrs']
458,[' Miss']
459,[' Mr']
460,[' Mr']
461,[' Mr']
462,[' Mr']
463,[' Mr']
464,[' Mr']
465,[' Mr']
466,[' Mr']
467,[' Mr']
468,[' Mr']
469,[' Miss']
470,[' Mr']
471,[' Mr']
472,[' Mrs']
473,[' Mrs']
474,[' Miss']
475,[' Mr']
476,[' Mr']
477,[' Mr']
478,[' Mr']
479,[' Miss']
480,[' Master']
481,[' Mr']
482,[' Mr']
483,[' Mrs']
484,[' Mr']
485,[' Miss']
486,[' Mrs']
487,[' Mr']
488,[' Mr']
489,[' Master']
490,[' Mr']
491,[' Mr']
492,[' Mr']
493,[' Mr']
494,[' Mr']
495,[' Mr']
496,[' Miss']
497,[' Mr']
498,[' Mrs']
499,[' Mr']
500,[' Mr']
501,[' Miss']
502,[' Miss']
503,[' Miss']
504,[' Miss']
505,[' Mr']
506,[' Mrs']
507,[' Mr']
508,[' Mr']
509,[' Mr']
510,[' Mr']
511,[' Mr']
512,[' Mr']
513,[' Mrs']
514,[' Mr']
515,[' Mr']
516,[' Mrs']
517,[' Mr']
518,[' Mrs']
519,[' Mr']
520,[' Miss']
521,[' Mr']
522,[' Mr']
523,[' Mrs']
524,[' Mr']
525,[' Mr']
526,[' Miss']
527,[' Mr']
528,[' Mr']
529,[' Mr']
530,[' Miss']
531,[' Mr']
532,[' Mr']
533,[' Mrs']
534,[' Miss']
535,[' Miss']
536,[' Major']
537,[' Miss']
538,[' Mr']
539,[' Miss']
540,[' Miss']
541,[' Miss']
542,[' Miss']
543,[' Mr']
544,[' Mr']
545,[' Mr']
546,[' Mrs']
547,[' Mr']
548,[' Mr']
549,[' Master']
550,[' Mr']
551,[' Mr']
552,[' Mr']
553,[' Mr']
554,[' Miss']
555,[' Mr']
556,[' Lady']
557,[' Mr']
558,[' Mrs']
559,[' Mrs']
560,[' Mr']
561,[' Mr']
562,[' Mr']
563,[' Mr']
564,[' Miss']
565,[' Mr']
566,[' Mr']
567,[' Mrs']
568,[' Mr']
569,[' Mr']
570,[' Mr']
571,[' Mrs']
572,[' Mr']
573,[' Miss']
574,[' Mr']
575,[' Mr']
576,[' Miss']
577,[' Mrs']
578,[' Mrs']
579,[' Mr']
580,[' Miss']
581,[' Mrs']
582,[' Mr']
583,[' Mr']
584,[' Mr']
585,[' Miss']
586,[' Mr']
587,[' Mr']
588,[' Mr']
589,[' Mr']
590,[' Mr']
591,[' Mrs']
592,[' Mr']
593,[' Miss']
594,[' Mr']
595,[' Mr']
596,[' Miss']
597,[' Mr']
598,[' Mr']
599,[' Sir']
600,[' Mrs']
601,[' Mr']
602,[' Mr']
603,[' Mr']
604,[' Mr']
605,[' Mr']
606,[' Mr']
607,[' Mr']
608,[' Mrs']
609,[' Miss']
610,[' Mrs']
611,[' Mr']
612,[' Miss']
613,[' Mr']
614,[' Mr']
615,[' Miss']
616,[' Mr']
617,[' Mrs']
618,[' Miss']
619,[' Mr']
620,[' Mr']
621,[' Mr']
622,[' Mr']
623,[' Mr']
624,[' Mr']
625,[' Mr']
626,[' Rev']
627,[' Miss']
628,[' Mr']
629,[' Mr']
630,[' Mr']
631,[' Mr']
632,[' Dr']
633,[' Mr']
634,[' Miss']
635,[' Miss']
636,[' Mr']
637,[' Mr']
638,[' Mrs']
639,[' Mr']
640,[' Mr']
641,[' Mlle']
642,[' Miss']
643,[' Mr']
644,[' Miss']
645,[' Mr']
646,[' Mr']
647,[' Col']
648,[' Mr']
649,[' Miss']
650,[' Mr']
651,[' Miss']
652,[' Mr']
653,[' Miss']
654,[' Miss']
655,[' Mr']
656,[' Mr']
657,[' Mrs']
658,[' Mr']
659,[' Mr']
660,[' Dr']
661,[' Mr']
662,[' Mr']
663,[' Mr']
664,[' Mr']
665,[' Mr']
666,[' Mr']
667,[' Mr']
668,[' Mr']
669,[' Mrs']
670,[' Mrs']
671,[' Mr']
672,[' Mr']
673,[' Mr']
674,[' Mr']
675,[' Mr']
676,[' Mr']
677,[' Miss']
678,[' Mrs']
679,[' Mr']
680,[' Miss']
681,[' Mr']
682,[' Mr']
683,[' Mr']
684,[' Mr']
685,[' Mr']
686,[' Mr']
687,[' Mr']
688,[' Mr']
689,[' Miss']
690,[' Mr']
691,[' Miss']
692,[' Mr']
693,[' Mr']
694,[' Col']
695,[' Mr']
696,[' Mr']
697,[' Miss']
698,[' Mr']
699,[' Mr']
700,[' Mrs']
701,[' Mr']
702,[' Miss']
703,[' Mr']
704,[' Mr']
705,[' Mr']
706,[' Mrs']
707,[' Mr']
708,[' Miss']
709,[' Master']
710,[' Mlle']
711,[' Mr']
712,[' Mr']
713,[' Mr']
714,[' Mr']
715,[' Mr']
716,[' Miss']
717,[' Miss']
718,[' Mr']
719,[' Mr']
720,[' Miss']
721,[' Mr']
722,[' Mr']
723,[' Mr']
724,[' Mr']
725,[' Mr']
726,[' Mrs']
727,[' Miss']
728,[' Mr']
729,[' Miss']
730,[' Miss']
731,[' Mr']
732,[' Mr']
733,[' Mr']
734,[' Mr']
735,[' Mr']
736,[' Mrs']
737,[' Mr']
738,[' Mr']
739,[' Mr']
740,[' Mr']
741,[' Mr']
742,[' Miss']
743,[' Mr']
744,[' Mr']
745,[' Capt']
746,[' Mr']
747,[' Miss']
748,[' Mr']
749,[' Mr']
750,[' Miss']
751,[' Master']
752,[' Mr']
753,[' Mr']
754,[' Mrs']
755,[' Master']
756,[' Mr']
757,[' Mr']
758,[' Mr']
759,[' the Countess']
760,[' Mr']
761,[' Mr']
762,[' Mr']
763,[' Mrs']
764,[' Mr']
765,[' Mrs']
766,[' Dr']
767,[' Miss']
768,[' Mr']
769,[' Mr']
770,[' Mr']
771,[' Mr']
772,[' Mrs']
773,[' Mr']
774,[' Mrs']
775,[' Mr']
776,[' Mr']
777,[' Miss']
778,[' Mr']
779,[' Mrs']
780,[' Miss']
781,[' Mrs']
782,[' Mr']
783,[' Mr']
784,[' Mr']
785,[' Mr']
786,[' Miss']
787,[' Master']
788,[' Master']
789,[' Mr']
790,[' Mr']
791,[' Mr']
792,[' Miss']
793,[' Mr']
794,[' Mr']
795,[' Mr']
796,[' Dr']
797,[' Mrs']
798,[' Mr']
799,[' Mrs']
800,[' Mr']
801,[' Mrs']
802,[' Master']
803,[' Master']
804,[' Mr']
805,[' Mr']
806,[' Mr']
807,[' Miss']
808,[' Mr']
809,[' Mrs']
810,[' Mr']
811,[' Mr']
812,[' Mr']
813,[' Miss']
814,[' Mr']
815,[' Mr']
816,[' Miss']
817,[' Mr']
818,[' Mr']
819,[' Master']
820,[' Mrs']
821,[' Mr']
822,[' Jonkheer']
823,[' Mrs']
824,[' Master']
825,[' Mr']
826,[' Mr']
827,[' Master']
828,[' Mr']
829,[' Mrs']
830,[' Mrs']
831,[' Master']
832,[' Mr']
833,[' Mr']
834,[' Mr']
835,[' Miss']
836,[' Mr']
837,[' Mr']
838,[' Mr']
839,[' Mr']
840,[' Mr']
841,[' Mr']
842,[' Miss']
843,[' Mr']
844,[' Mr']
845,[' Mr']
846,[' Mr']
847,[' Mr']
848,[' Rev']
849,[' Mrs']
850,[' Master']
851,[' Mr']
852,[' Miss']
853,[' Miss']
854,[' Mrs']
855,[' Mrs']
856,[' Mrs']
857,[' Mr']
858,[' Mrs']
859,[' Mr']
860,[' Mr']
861,[' Mr']
862,[' Mrs']
863,[' Miss']
864,[' Mr']
865,[' Mrs']
866,[' Miss']
867,[' Mr']
868,[' Mr']
869,[' Master']
870,[' Mr']
871,[' Mrs']
872,[' Mr']
873,[' Mr']
874,[' Mrs']
875,[' Miss']
876,[' Mr']
877,[' Mr']
878,[' Mr']
879,[' Mrs']
880,[' Mrs']
881,[' Mr']
882,[' Miss']
883,[' Mr']
884,[' Mr']
885,[' Mrs']
886,[' Rev']
887,[' Miss']
888,[' Miss']
889,[' Mr']
890,[' Mr']
